<?xml version="1.0" encoding="UTF-8"?>
<project-private xmlns="http://www.netbeans.org/ns/project-private/1">
    <editor-bookmarks xmlns="http://www.netbeans.org/ns/editor-bookmarks/2" lastBookmarkId="0"/>
    <open-files xmlns="http://www.netbeans.org/ns/projectui-open-files/2">
        <group>
            <file>file:/C:/Users/Abed%20Kanso/Desktop/downloades/LAU/CSC%20375/project/Online_Shop/src/view/Advertiser_Confirmation.java</file>
            <file>file:/C:/Users/Abed%20Kanso/Desktop/downloades/LAU/CSC%20375/project/Online_Shop/src/view/Advertiser_Confirmation_To_Offer_Creation.java</file>
            <file>file:/C:/Users/Abed%20Kanso/Desktop/downloades/LAU/CSC%20375/project/Online_Shop/src/model/administrators.java</file>
            <file>file:/C:/Users/Abed%20Kanso/Desktop/downloades/LAU/CSC%20375/project/Online_Shop/src/view/Administrator_Profile.java</file>
            <file>file:/C:/Users/Abed%20Kanso/Desktop/downloades/LAU/CSC%20375/project/Online_Shop/src/view/Administrator_Confirmation_Failed.java</file>
            <file>file:/C:/Users/Abed%20Kanso/Desktop/downloades/LAU/CSC%20375/project/Online_Shop/src/view/Advertiser_Confirmation_Failed.java</file>
            <file>file:/C:/Users/Abed%20Kanso/Desktop/downloades/LAU/CSC%20375/project/Online_Shop/src/view/main.java</file>
            <file>file:/C:/Users/Abed%20Kanso/Desktop/downloades/LAU/CSC%20375/project/Online_Shop/src/control/Online_Shop_Database_Main.java</file>
            <file>file:/C:/Users/Abed%20Kanso/Desktop/downloades/LAU/CSC%20375/project/Online_Shop/src/view/Employee_Management.java</file>
            <file>file:/C:/Users/Abed%20Kanso/Desktop/downloades/LAU/CSC%20375/project/Online_Shop/src/control/Online_Shop_Administrator_Registration.java</file>
            <file>file:/C:/Users/Abed%20Kanso/Desktop/downloades/LAU/CSC%20375/project/Online_Shop/src/view/Delete_Organization.java</file>
            <file>file:/C:/Users/Abed%20Kanso/Desktop/downloades/LAU/CSC%20375/project/Online_Shop/src/view/Exit2.java</file>
            <file>file:/C:/Users/Abed%20Kanso/Desktop/downloades/LAU/CSC%20375/project/Online_Shop/src/view/Shippers_Delivery_Places.java</file>
            <file>file:/C:/Users/Abed%20Kanso/Desktop/downloades/LAU/CSC%20375/project/Online_Shop/src/view/Customer_Registration_To_Orders.java</file>
            <file>file:/C:/Users/Abed%20Kanso/Desktop/downloades/LAU/CSC%20375/project/Online_Shop/src/view/Offer_Creation_Selecting_Products.java</file>
            <file>file:/C:/Users/Abed%20Kanso/Desktop/downloades/LAU/CSC%20375/project/Online_Shop/src/view/Advertiser_Marketing_Domains.java</file>
            <file>file:/C:/Users/Abed%20Kanso/Desktop/downloades/LAU/CSC%20375/project/Online_Shop/src/view/Employee_Registration.java</file>
            <file>file:/C:/Users/Abed%20Kanso/Desktop/downloades/LAU/CSC%20375/project/Online_Shop/src/control/Online_Shop_Customers.java</file>
            <file>file:/C:/Users/Abed%20Kanso/Desktop/downloades/LAU/CSC%20375/project/Online_Shop/src/view/Product_Order.java</file>
            <file>file:/C:/Users/Abed%20Kanso/Desktop/downloades/LAU/CSC%20375/project/Online_Shop/src/control/Online_Shop_Advertisers.java</file>
            <file>file:/C:/Users/Abed%20Kanso/Desktop/downloades/LAU/CSC%20375/project/Online_Shop/src/view/Administration.java</file>
            <file>file:/C:/Users/Abed%20Kanso/Desktop/downloades/LAU/CSC%20375/project/Online_Shop/src/view/Administrator_Registration.java</file>
            <file>file:/C:/Users/Abed%20Kanso/Desktop/downloades/LAU/CSC%20375/project/Online_Shop/src/view/Add_Organization.java</file>
            <file>file:/C:/Users/Abed%20Kanso/Desktop/downloades/LAU/CSC%20375/project/Online_Shop/src/view/Welcome_To_The_Shop.java</file>
            <file>file:/C:/Users/Abed%20Kanso/Desktop/downloades/LAU/CSC%20375/project/Online_Shop/src/model/shippers.java</file>
            <file>file:/C:/Users/Abed%20Kanso/Desktop/downloades/LAU/CSC%20375/project/Online_Shop/src/view/Shipper_Employee.java</file>
            <file>file:/C:/Users/Abed%20Kanso/Desktop/downloades/LAU/CSC%20375/project/Online_Shop/src/view/Product_Management.java</file>
            <file>file:/C:/Users/Abed%20Kanso/Desktop/downloades/LAU/CSC%20375/project/Online_Shop/src/view/Offer_Creation.java</file>
            <file>file:/C:/Users/Abed%20Kanso/Desktop/downloades/LAU/CSC%20375/project/Online_Shop/src/view/Exit.java</file>
            <file>file:/C:/Users/Abed%20Kanso/Desktop/downloades/LAU/CSC%20375/project/Online_Shop/src/control/Online_Shop_Administration.java</file>
            <file>file:/C:/Users/Abed%20Kanso/Desktop/downloades/LAU/CSC%20375/project/Online_Shop/src/view/Administrator_Confirmation.java</file>
            <file>file:/C:/Users/Abed%20Kanso/Desktop/downloades/LAU/CSC%20375/project/Online_Shop/src/view/Add_Product.java</file>
        </group>
    </open-files>
</project-private>
